Epochs,TC
100,0.0053012634336546995
500,0.00468258337064138
1000,0.0046885777699622
1500,0.004962075558111061
2000,0.004778704230979621
2500,0.00499687898564422
5000,0.00484878438568846
10000,0.00505922071206134
